Target,MAE,MSE,MAE_Exact,Weekly_ROI,Week_Forecast
0.78355,1.2092597923245347,2.8642417184827025,1.5164585632661125,"[-0.58118486, -0.65244764, -0.62451434, -0.6373383, -0.61038196, -0.5443182, -0.41038468, -0.20190953, 0.020128824, 0.21369359, 0.3846919, 0.53514934, 0.6780421, 0.8145882, 0.9363412, 1.037506, 1.1109974, 1.1493773, 1.148646, 1.117677, 1.0635096, 0.9902996, 0.902204, 0.80475616, 0.704165, 0.60640985, 0.5170299, 0.4409787, 0.381961, 0.34260753, 0.32471225, 0.32828873, 0.35154358, 0.3913005, 0.44330016, 0.50346726, 0.56696844, 0.62892526, 0.6847965, 0.7307906, 0.7639773, 0.7835479]",[3.3257983 2.6214633 2.5239613 ... 2.9867616 3.0910776 0.5793775]
-0.67,1.200605860660228,2.8315172160616715,1.559875919327883,"[-0.60625607, -0.7873552, -0.8739379, -0.9824308, -1.0518734, -1.0919666, -1.1094567, -1.1276759, -1.1324288, -1.1020875, -1.0746444, -1.0445795, -1.0078919, -0.96824473, -0.92662346, -0.8848229, -0.8439135, -0.80473274, -0.7680399, -0.73468137, -0.7050398, -0.67923295, -0.65744525, -0.6396973, -0.62587464, -0.6157642, -0.60906744, -0.6054296, -0.6044544, -0.6057241, -0.6088155, -0.6133207, -0.61885273, -0.62505656, -0.63161635, -0.6382581, -0.6447533, -0.6509173, -0.65660834, -0.6617245, -0.6662005, -0.67000246]",[3.5367122  2.9181337  2.661648   ... 3.165534   3.2405849  0.96861136]
0.025,1.2543950766547705,2.9577008222952617,1.5693929018429469,"[-0.73275673, -0.8378494, -0.8392104, -0.8978787, -0.94415295, -0.9924437, -1.0393368, -1.0672122, -1.0412779, -1.0053174, -0.9822044, -0.9552289, -0.9301916, -0.9039868, -0.8772279, -0.84934, -0.8203225, -0.79018205, -0.75912446, -0.72698146, -0.69372267, -0.6594572, -0.62417865, -0.5879652, -0.5508665, -0.51295984, -0.47432476, -0.43505368, -0.3952471, -0.35501707, -0.3144824, -0.27395454, -0.23438542, -0.19633272, -0.16030727, -0.12671994, -0.09629771, -0.06699938, -0.038272515, -0.012615956, 0.009389743, 0.025000498]",[3.1050243  2.38386    2.3066795  ... 3.1431675  3.039235   0.48176962]
-1.28431,1.1819011799203694,2.8049909825969697,1.493951562235917,"[-0.54786867, -0.5011945, -0.4684407, -0.49589998, -0.53741896, -0.5843805, -0.63352406, -0.68672943, -0.72463095, -0.7648432, -0.81273407, -0.85041976, -0.88614213, -0.9185317, -0.9484624, -0.9760768, -1.0015867, -1.0251678, -1.0470698, -1.0672727, -1.085957, -1.1033703, -1.1195363, -1.1345803, -1.1485813, -1.1616235, -1.1737801, -1.1851181, -1.1956983, -1.2055765, -1.2148037, -1.2234249, -1.2314845, -1.2390211, -1.246071, -1.2526684, -1.258843, -1.2646241, -1.2700384, -1.2751098, -1.2798615, -1.2843144]",[3.6087272 2.9451017 2.7522728 ... 3.0957305 3.137655  0.7172925]
-0.44122,1.182725662469286,2.8151737358985782,1.5531400865210825,"[-0.6223073, -0.7007027, -0.7420445, -0.84103936, -0.9329541, -0.9936588, -0.99045396, -0.9436097, -0.89729315, -0.8482913, -0.79898727, -0.7502086, -0.7031072, -0.6591984, -0.6191928, -0.58340436, -0.55183876, -0.5244075, -0.5010432, -0.48155397, -0.46567643, -0.45308584, -0.44344962, -0.4363944, -0.43153825, -0.42850566, -0.42694104, -0.42652312, -0.42696363, -0.4280023, -0.42941898, -0.4310336, -0.43270454, -0.43432567, -0.43582246, -0.4371472, -0.4382776, -0.43921068, -0.43995377, -0.44052285, -0.44093794, -0.44122225]",[3.579515   3.0109596  2.7467961  ... 2.9286556  3.1203203  0.81948394]
-0.71734,1.2149037439825994,2.849546162321411,1.49510460085549,"[-0.8270421, -0.96716017, -1.0766221, -1.2255989, -1.3397732, -1.4008051, -1.386219, -1.3253906, -1.2191234, -1.1281283, -1.0398903, -0.9569276, -0.8871223, -0.8312144, -0.7895447, -0.7602916, -0.7411547, -0.7294491, -0.723072, -0.720028, -0.7190872, -0.71917474, -0.7196134, -0.7200382, -0.7202762, -0.72028846, -0.7200926, -0.71975, -0.7193278, -0.7188878, -0.71847564, -0.7181206, -0.71783596, -0.71762353, -0.71747667, -0.7173843, -0.7173336, -0.7173124, -0.7173102, -0.717318, -0.71733093, -0.71734375]",[3.2719576 2.6091025 2.4662902 ... 3.0260715 3.0142722 0.3639039]
0.5496,1.1892440024573891,2.8108821187098156,1.5147841464767844,"[-0.19502005, -0.18737331, -0.14261886, -0.10632768, -0.0694327, -0.030086234, 0.0016534072, 0.053057738, 0.18256934, 0.2930967, 0.38455617, 0.4674245, 0.54002756, 0.6014112, 0.65115243, 0.6889032, 0.7149246, 0.7285949, 0.7305888, 0.72213066, 0.7054329, 0.6823803, 0.6549516, 0.62520295, 0.5948603, 0.5654798, 0.5384297, 0.51481473, 0.49545464, 0.48085108, 0.47118872, 0.4663601, 0.46601385, 0.46962976, 0.47649145, 0.48576996, 0.49664143, 0.5083003, 0.5200083, 0.5311232, 0.54111946, 0.5496003]",[3.3782434  2.6256273  2.5262854  ... 2.970084   3.0937006  0.80315477]
-1.30431,1.1890377917733308,2.835290612211417,1.5130288627646022,"[-0.64083135, -0.8053192, -0.8269441, -0.93945086, -1.0338174, -1.1274995, -1.1992111, -1.2595136, -1.2928548, -1.3100071, -1.3303852, -1.3411642, -1.3502465, -1.3550003, -1.3576477, -1.3581567, -1.3573482, -1.3554513, -1.3529707, -1.3501234, -1.3469756, -1.3437438, -1.3404648, -1.3372431, -1.3341118, -1.3311154, -1.3282721, -1.3255984, -1.3230991, -1.320776, -1.3186274, -1.3166475, -1.3148301, -1.3131661, -1.3116478, -1.3102648, -1.3090085, -1.307869, -1.3068376, -1.3059053, -1.3050638, -1.3043052]",[3.6200824 2.9451463 2.7709985 ... 3.085753  3.163341  0.9486129]
-0.39035,1.188289622732779,2.837356870448296,1.492640077101065,"[-0.9983467, -1.097181, -1.0705765, -1.0256864, -0.9551029, -0.8851932, -0.83824843, -0.8135108, -0.78462064, -0.7411524, -0.70032054, -0.66368985, -0.6294111, -0.5986775, -0.571335, -0.5475468, -0.5268586, -0.50861967, -0.49240267, -0.47812328, -0.4656428, -0.45474213, -0.4452557, -0.4370281, -0.42991048, -0.42376333, -0.4184572, -0.41387987, -0.4099363, -0.40654296, -0.4036256, -0.40111977, -0.39896905, -0.39712447, -0.395572, -0.39427996, -0.39321843, -0.39235574, -0.39166307, -0.3911129, -0.39068145, -0.39034754]",[3.418803   2.788279   2.541473   ... 3.0411325  3.1416101  0.58079016]
-0.08415,1.1811936227830913,2.8249604117468916,1.4972400000585848,"[-0.7387184, -0.7183764, -0.61208063, -0.54730004, -0.4988712, -0.49204522, -0.53555554, -0.5771402, -0.5350156, -0.46780524, -0.41291252, -0.3570467, -0.30774143, -0.26407078, -0.22729024, -0.1968221, -0.17156765, -0.15025212, -0.13207446, -0.11637752, -0.1028579, -0.09251959, -0.08536934, -0.08130206, -0.079649165, -0.079646036, -0.08055614, -0.081796005, -0.082973644, -0.08388843, -0.0844957, -0.08480966, -0.08488522, -0.08480373, -0.08464412, -0.08446814, -0.08431585, -0.08420662, -0.08414416, -0.084121384, -0.08412662, -0.084147595]",[3.6563473 2.953273  2.8120246 ... 3.0515633 3.1700861 0.6756694]
0.64525,1.2101954696797081,2.8364445961345273,1.5630280825976999,"[-0.5261919, -0.59446055, -0.54473394, -0.5662999, -0.5818624, -0.6030109, -0.61309105, -0.58772856, -0.5135128, -0.41543728, -0.3216007, -0.22608303, -0.12795496, -0.027815131, 0.08386636, 0.19451948, 0.3027528, 0.3983672, 0.4773528, 0.53947496, 0.5917513, 0.6346858, 0.6682801, 0.6923974, 0.70771277, 0.71674323, 0.7209167, 0.72126496, 0.71872467, 0.71412593, 0.7080983, 0.70117223, 0.69381213, 0.6863978, 0.67921823, 0.6724684, 0.6662762, 0.6607229, 0.6558484, 0.6516595, 0.6481376, 0.6452453]",[3.4339287 2.729351  2.6507113 ... 2.9400208 2.9642758 0.7696413]
-0.35242,1.184538962457313,2.7664687682158062,1.463838927039871,"[-1.1960187, -1.3773936, -1.4106221, -1.3657082, -1.2594993, -1.1392332, -1.0495745, -0.9931593, -0.91177344, -0.8210531, -0.737265, -0.6564125, -0.5825101, -0.51634455, -0.45891786, -0.4102791, -0.3698848, -0.3370316, -0.311522, -0.29268008, -0.27966028, -0.27168328, -0.26792374, -0.2676028, -0.269985, -0.27440408, -0.2802725, -0.28708416, -0.29440784, -0.3018898, -0.30924833, -0.3162667, -0.32278645, -0.32870007, -0.33394322, -0.33848768, -0.34233418, -0.34550625, -0.34804448, -0.35000145, -0.35143763, -0.3524174]",[3.453731   2.72653    2.6303077  ... 3.0845296  3.0162544  0.08017084]
0.06003,1.1819118162573403,2.7814458540117313,1.4931341926942667,"[-0.7495043, -0.7909031, -0.8282105, -0.8681869, -0.8812089, -0.8539665, -0.7918097, -0.73415524, -0.6598622, -0.56538856, -0.4819799, -0.40387797, -0.3293489, -0.25866154, -0.1909214, -0.12453024, -0.058558665, 0.003501149, 0.05017362, 0.0851076, 0.111257315, 0.12899333, 0.13938734, 0.14365308, 0.14307809, 0.13884309, 0.1321951, 0.12480581, 0.1175286, 0.1103981, 0.10355979, 0.097045064, 0.09104313, 0.08566753, 0.08092675, 0.076783486, 0.07317698, 0.070043914, 0.0672324, 0.06466158, 0.062270332, 0.060033944]",[3.6212153  2.9159377  2.741381   ... 3.2769728  3.262811   0.62870896]
-1.51446,1.1903079400109198,2.774845354521611,1.4255561026791206,"[-0.7428782, -0.90669596, -1.0161858, -1.1503719, -1.2554541, -1.3447759, -1.4394974, -1.5456022, -1.598735, -1.5972297, -1.6014366, -1.6080503, -1.6111577, -1.6128963, -1.612944, -1.6119885, -1.6097767, -1.6057162, -1.6002159, -1.5946202, -1.5893017, -1.5840516, -1.5789162, -1.5739263, -1.5690893, -1.564409, -1.5598879, -1.5555477, -1.5514183, -1.547507, -1.543803, -1.5402972, -1.5369823, -1.5338509, -1.5308945, -1.5281047, -1.5254753, -1.5229983, -1.5206668, -1.5184718, -1.5164073, -1.5144647]",[3.408585  2.6914425 2.577839  ... 3.1645133 3.1031766 0.6803065]
-0.94108,1.1906096678100824,2.793214693566953,1.5068373735639584,"[-0.84644645, -0.80486333, -0.78296256, -0.79118377, -0.818028, -0.86570495, -0.92311496, -0.95662427, -0.9613563, -0.96748656, -0.97621655, -0.9797102, -0.98132086, -0.9806979, -0.97864735, -0.9756327, -0.9721346, -0.96851104, -0.96489364, -0.9613245, -0.95795727, -0.9548886, -0.9521426, -0.9497431, -0.9476851, -0.94595546, -0.9445311, -0.94338363, -0.9424827, -0.9417962, -0.9412919, -0.9409399, -0.94071263, -0.9405844, -0.94053316, -0.94054043, -0.9405896, -0.9406679, -0.94076383, -0.9408689, -0.94097674, -0.9410821]",[3.3408568  2.643828   2.548005   ... 2.8905072  3.0956771  0.53263676]
-0.26571,1.2060086383322348,2.826466368669089,1.493650541390136,"[-1.0512722, -1.2158011, -1.277695, -1.3044391, -1.2597448, -1.1663426, -1.0380927, -0.8967055, -0.7948489, -0.71036726, -0.62353486, -0.54442286, -0.47360337, -0.41340357, -0.3629537, -0.32128337, -0.28699335, -0.25868362, -0.23595053, -0.21830484, -0.20501323, -0.1954757, -0.1891157, -0.18543892, -0.18400781, -0.18444362, -0.18640861, -0.18959507, -0.19373637, -0.19860435, -0.20400271, -0.20976439, -0.2157479, -0.2218346, -0.22792615, -0.23394236, -0.23981886, -0.24550492, -0.25096166, -0.25616026, -0.2610806, -0.26570988]",[3.3556793 2.7209451 2.595607  ... 2.9543116 3.0493455 0.4726906]
-0.56499,1.178770648036076,2.7694407806792434,1.438890368437145,"[-0.9364218, -1.1014178, -1.2146068, -1.3137167, -1.3658628, -1.3631724, -1.3095212, -1.2377801, -1.1796472, -1.1143821, -1.0526531, -0.99722886, -0.9476683, -0.9042665, -0.8663487, -0.8329798, -0.80312634, -0.7762731, -0.7523757, -0.73090255, -0.71160764, -0.69427973, -0.6787263, -0.66479, -0.65232563, -0.6411953, -0.63126457, -0.6224091, -0.6145224, -0.607502, -0.6012557, -0.5957004, -0.59076077, -0.58637, -0.58246803, -0.57900137, -0.5759219, -0.57318693, -0.5707583, -0.56860197, -0.5666877, -0.5649888]",[3.4977036 2.8161898 2.6171699 ... 3.0429552 3.0384505 0.319098 ]
-0.58914,1.1735604956250696,2.8078339567796333,1.456973752037434,"[-1.193139, -1.4282352, -1.5140586, -1.582179, -1.6078873, -1.6316833, -1.6617845, -1.6593385, -1.5681705, -1.4864681, -1.4073014, -1.3302417, -1.2571901, -1.1877875, -1.1226584, -1.0615594, -1.0043797, -0.9514913, -0.90396965, -0.86137307, -0.8234843, -0.79000187, -0.7606023, -0.73496413, -0.7127583, -0.69366944, -0.67739344, -0.66363186, -0.65208364, -0.6423288, -0.6339909, -0.6268095, -0.62058055, -0.6151467, -0.6103819, -0.6061835, -0.6024674, -0.5991627, -0.596217, -0.5935881, -0.5912392, -0.58913857]",[3.563731   2.8636014  2.7453585  ... 3.2966921  3.2765684  0.31252947]
1.79611,1.1656832347044916,2.7527470053637275,1.4821256139272188,"[-0.4847838, -0.37810713, -0.23009512, -0.16597405, -0.13416855, -0.1327509, -0.14526321, -0.149396, -0.087552674, -0.006408533, 0.08141936, 0.19372894, 0.30336526, 0.41785842, 0.5342733, 0.6510783, 0.7672384, 0.8819877, 0.9927019, 1.0974817, 1.1950824, 1.2846674, 1.36621, 1.4394962, 1.5046335, 1.561926, 1.611753, 1.6545309, 1.690746, 1.7209253, 1.7456127, 1.7653536, 1.7806805, 1.7921124, 1.8001418, 1.8052349, 1.8078262, 1.8083174, 1.8070756, 1.8044342, 1.8006916, 1.7961134]",[3.4725103 2.786988  2.6464055 ... 3.0124319 3.1801212 0.8421886]
-0.71442,1.1980269736691838,2.8037110040844606,1.5468532886953703,"[-0.31286275, -0.3172115, -0.3144861, -0.43931338, -0.59468055, -0.74018365, -0.83985555, -0.88314706, -0.8671599, -0.82893693, -0.8121002, -0.7960296, -0.7870069, -0.7808007, -0.7753228, -0.7691082, -0.7617531, -0.75376844, -0.7465378, -0.7408707, -0.7361991, -0.7324736, -0.7294357, -0.72688997, -0.724706, -0.7228174, -0.7212066, -0.7198738, -0.71879375, -0.71791655, -0.71720666, -0.71662986, -0.7161588, -0.7157722, -0.7154554, -0.71519685, -0.71498775, -0.7148192, -0.71468353, -0.71457434, -0.71448636, -0.7144156]",[3.3793907 2.7693954 2.5575736 ... 2.947017  3.0535307 0.8400082]
-0.82577,1.1902192370860827,2.8317422088517166,1.5219007633032056,"[-0.5226421, -0.5774158, -0.5888546, -0.58504045, -0.55170524, -0.5172584, -0.4996174, -0.49878204, -0.49706817, -0.507272, -0.50919104, -0.5184659, -0.52712744, -0.5381251, -0.55043685, -0.56356287, -0.57702005, -0.5906525, -0.6042787, -0.61794996, -0.63143134, -0.64472485, -0.6576854, -0.67028797, -0.6824863, -0.69426167, -0.70559967, -0.71649134, -0.7269318, -0.7369238, -0.74647135, -0.7555843, -0.7642735, -0.7725524, -0.780434, -0.7879337, -0.7950665, -0.8018479, -0.80829346, -0.8144189, -0.8202388, -0.8257684]",[3.5376427  2.8828688  2.6806402  ... 3.081603   3.1793835  0.91765165]
0.97074,1.1956735923525494,2.799444499728969,1.592846955839461,"[-0.15257666, -0.13752536, -0.033076927, -0.062000163, -0.10668981, -0.13980727, -0.13532329, -0.10856953, -0.046881594, 0.02212273, 0.097320415, 0.18191841, 0.26284176, 0.34224564, 0.41642085, 0.48509383, 0.5474828, 0.60373473, 0.6535145, 0.69728374, 0.7356713, 0.7691074, 0.7981337, 0.82329, 0.8450553, 0.8638569, 0.8800783, 0.8940691, 0.90613437, 0.9165377, 0.92550826, 0.9332441, 0.9399152, 0.9456691, 0.9506326, 0.95491433, 0.958609, 0.9617967, 0.9645477, 0.9669218, 0.96897066, 0.97073907]",[3.3409505 2.7384686 2.5384138 ... 3.008096  3.0856798 1.0262522]
-0.00343,1.1906436239140505,2.800555655996446,1.5453813958559168,"[-0.8311555, -0.9642935, -1.006036, -1.0330846, -1.05413, -1.0893612, -1.1567394, -1.2100749, -1.1445537, -1.0215228, -0.9293604, -0.83971596, -0.7547177, -0.6736065, -0.5960839, -0.52109295, -0.4468383, -0.37336254, -0.3052933, -0.245244, -0.1914728, -0.14214517, -0.09657742, -0.054360546, -0.015516579, 0.0142517965, 0.031073265, 0.03601473, 0.032944173, 0.026048817, 0.017367918, 0.0076157507, -0.0022408552, -0.011723936, -0.018890556, -0.02269512, -0.022556717, -0.01899749, -0.013385294, -0.007895799, -0.004503941, -0.0034338888]",[3.5906472 2.833905  2.7382555 ... 2.9110208 3.2020285 0.666096 ]
-0.33306,1.1899495258932797,2.8103669525705235,1.5360634735539953,"[-0.62319547, -0.6584164, -0.638671, -0.6658152, -0.6911756, -0.7093457, -0.7069161, -0.6927377, -0.6689089, -0.599959, -0.5500226, -0.4971441, -0.44664663, -0.3985454, -0.35456008, -0.3158708, -0.2836385, -0.2583326, -0.23999012, -0.22945353, -0.22548093, -0.22729948, -0.23385608, -0.24404235, -0.25672594, -0.27083004, -0.28537995, -0.29954922, -0.31268245, -0.32426453, -0.3339663, -0.34160888, -0.3471482, -0.350652, -0.35227734, -0.3522477, -0.35083055, -0.3483173, -0.34500527, -0.34118414, -0.3371215, -0.33305523]",[3.6265876 2.9319928 2.806932  ... 2.9575472 3.107359  0.7726114]
-0.19472,1.1818115139798364,2.768056264058669,1.5013173664687811,"[-0.71710384, -0.7705539, -0.80792755, -0.8244169, -0.816279, -0.79309356, -0.7626021, -0.71549976, -0.62313557, -0.52441615, -0.4443577, -0.37560964, -0.31681907, -0.26831725, -0.22978978, -0.20061186, -0.17984685, -0.16688779, -0.16050223, -0.15906854, -0.1609423, -0.16486442, -0.16990021, -0.17533338, -0.18059865, -0.18531892, -0.18929377, -0.19244461, -0.19474396, -0.19626988, -0.19715121, -0.19753909, -0.19758023, -0.19738331, -0.19703919, -0.1966224, -0.19618955, -0.19578016, -0.19541948, -0.19512056, -0.19488713, -0.19471629]",[3.4464312 2.791457  2.6157055 ... 2.9619625 3.1627479 0.603762 ]
-0.41671,1.1721411930725185,2.764713106671928,1.492970996478199,"[-0.74783975, -0.8425892, -0.87975085, -0.9268326, -0.9517222, -0.9620204, -0.96528685, -0.95521504, -0.8925235, -0.8331331, -0.78915167, -0.74653095, -0.711101, -0.6804849, -0.65426236, -0.63135153, -0.6108037, -0.59189147, -0.5746291, -0.5585815, -0.54370797, -0.5300726, -0.51757634, -0.5061942, -0.49585673, -0.48649395, -0.47802806, -0.4703822, -0.4634785, -0.45724845, -0.45162743, -0.4465568, -0.44198468, -0.4378633, -0.43414995, -0.43080533, -0.4277943, -0.4250844, -0.4226464, -0.4204537, -0.41848195, -0.41670924]",[3.6457503  3.0069227  2.8411543  ... 3.2649324  3.2898567  0.60323983]
-0.27687,1.1811523472619285,2.7727973012800895,1.4518546575224944,"[-0.9046655, -1.0096697, -0.97657466, -0.9636701, -0.9432883, -0.9479042, -0.98208225, -1.0067772, -0.9473676, -0.86683667, -0.7922282, -0.72703373, -0.66773564, -0.61608684, -0.5706711, -0.5306562, -0.49429035, -0.46052456, -0.43004864, -0.40350378, -0.38048977, -0.3605415, -0.34326017, -0.32829073, -0.31529754, -0.30423877, -0.29506603, -0.28767687, -0.28192946, -0.277634, -0.27458644, -0.2725883, -0.27145386, -0.27101538, -0.2711038, -0.2715714, -0.272295, -0.2731732, -0.27412477, -0.27508718, -0.27601457, -0.27687475]",[3.465406  2.8131309 2.6458695 ... 2.9854486 3.0736523 0.3589421]
-1.3313,1.1918056295689066,2.7934974022167114,1.520013632880191,"[-0.94115245, -1.2051989, -1.4437802, -1.6923528, -1.8899043, -2.0226932, -2.0697527, -2.080266, -2.058889, -2.0068274, -1.9646845, -1.9199234, -1.8779578, -1.8376002, -1.7990953, -1.762364, -1.7279749, -1.6957914, -1.6656357, -1.6374962, -1.6108478, -1.5858675, -1.562394, -1.5404191, -1.5198861, -1.5007533, -1.4829636, -1.4664625, -1.4511901, -1.4370817, -1.4240775, -1.4121087, -1.4010835, -1.3908696, -1.381382, -1.3725554, -1.3643407, -1.3567004, -1.3496027, -1.3430202, -1.3369277, -1.3312969]",[3.6264203  2.9865906  2.7663014  ... 3.06079    3.067461   0.70379233]
0.21007,1.1613978699003276,2.7427526550391446,1.4290424367579806,"[-0.76789886, -0.7602399, -0.6768716, -0.62686455, -0.5853562, -0.55856264, -0.5461435, -0.5329021, -0.4861679, -0.437201, -0.39039922, -0.34208703, -0.2949975, -0.24881762, -0.20407914, -0.1608733, -0.1194544, -0.08051619, -0.045207385, -0.013265526, 0.015477715, 0.041669875, 0.06508109, 0.08626246, 0.10525602, 0.12172348, 0.13594219, 0.14811774, 0.15843865, 0.16710803, 0.17431346, 0.18043913, 0.18568483, 0.19021052, 0.19411531, 0.19748735, 0.20040154, 0.2029217, 0.20510368, 0.20699553, 0.20863913, 0.21006915]",[3.600038  2.925168  2.7933507 ... 3.0874183 3.058804  0.5370416]
-0.90846,1.2165783962315952,2.843788082096511,1.6119758741906833,"[-0.23047605, -0.2379274, -0.20111562, -0.24848223, -0.3059097, -0.39015338, -0.48870528, -0.57051295, -0.6042695, -0.6202453, -0.6453952, -0.6728016, -0.6958289, -0.71698225, -0.73584783, -0.75264424, -0.7669569, -0.7790108, -0.78990114, -0.8002548, -0.8098961, -0.8187321, -0.826887, -0.83443373, -0.8414176, -0.8478849, -0.8538881, -0.8594854, -0.8647147, -0.8695977, -0.87415636, -0.878415, -0.88239443, -0.88611573, -0.8895962, -0.89285314, -0.8959007, -0.8987537, -0.901424, -0.9039242, -0.90626585, -0.90845823]",[3.3184342  2.6028917  2.5277863  ... 2.8289123  2.9840777  0.78110075]
0.16123,1.194768440978483,2.8475948306056478,1.5181434414686414,"[-0.62521994, -0.5621996, -0.56142527, -0.5845339, -0.60221833, -0.5999152, -0.5705648, -0.52586305, -0.48674864, -0.43693808, -0.38617182, -0.3386538, -0.29115054, -0.24360694, -0.1957683, -0.14787498, -0.09974396, -0.05257709, -0.0065021217, 0.03869492, 0.079718865, 0.11599302, 0.14881432, 0.1762617, 0.19797148, 0.21363369, 0.22321853, 0.22722961, 0.22663593, 0.22250056, 0.21596946, 0.20806122, 0.19958779, 0.19122852, 0.18349904, 0.17676009, 0.17122182, 0.1669572, 0.16394576, 0.16209465, 0.16124901, 0.16122691]",[3.5737343  2.9193296  2.693132   ... 3.3123474  3.351571   0.97132987]
-0.32549,1.1896676570198883,2.7853675828685525,1.474646813084926,"[-0.7681972, -0.7900108, -0.7809112, -0.79132247, -0.78950584, -0.78526646, -0.7782519, -0.7559994, -0.7207466, -0.6924324, -0.6667564, -0.64203686, -0.61874384, -0.5965752, -0.575595, -0.55574346, -0.53699815, -0.5193949, -0.5029369, -0.48752797, -0.4731238, -0.45967692, -0.44713813, -0.43546018, -0.42459625, -0.4145004, -0.40512726, -0.39643312, -0.38837558, -0.38091365, -0.37400886, -0.36762434, -0.36172372, -0.3562747, -0.35124505, -0.346605, -0.3423265, -0.33838275, -0.3347498, -0.3314041, -0.32832384, -0.3254894]",[3.4100854  2.6364608  2.5522609  ... 3.0540898  3.0515857  0.59717715]
-0.34653,1.1979348639727845,2.8183134891375996,1.5514968322274567,"[-0.64729464, -0.6434003, -0.627366, -0.65826106, -0.66540945, -0.63920665, -0.5622651, -0.46659952, -0.43113008, -0.4264354, -0.42585906, -0.42215955, -0.4217833, -0.42040136, -0.41756415, -0.4123003, -0.4053859, -0.39801136, -0.3908691, -0.3847316, -0.37962958, -0.37544504, -0.37193978, -0.36895674, -0.3662982, -0.363847, -0.36158115, -0.35949245, -0.35759473, -0.35589784, -0.3544065, -0.35311198, -0.35199597, -0.35103327, -0.35019812, -0.34946814, -0.34882456, -0.3482534, -0.34774446, -0.3472909, -0.34688756, -0.34653005]",[3.5836382 2.8752294 2.7181363 ... 2.9452028 3.1424747 0.5689888]
-0.24561,1.185012132212721,2.8046438411203174,1.5591762979890307,"[-0.42232051, -0.42572948, -0.43923533, -0.48381832, -0.51632774, -0.5321718, -0.5368657, -0.52674764, -0.49071628, -0.48760954, -0.4725178, -0.45346785, -0.4391381, -0.427615, -0.418385, -0.41030213, -0.40267766, -0.394984, -0.3866665, -0.37847024, -0.3703876, -0.3622408, -0.3542297, -0.34648144, -0.33904675, -0.33193034, -0.32510662, -0.3185385, -0.31217885, -0.30600455, -0.3000065, -0.29417685, -0.28851646, -0.2830321, -0.27773023, -0.27261528, -0.2676886, -0.26294243, -0.25836873, -0.25395972, -0.24970837, -0.24560857]",[3.516134  2.8184109 2.6606312 ... 3.0918927 3.198581  0.8705353]
0.36895,1.1800040369974414,2.7697868939898247,1.5090731845853211,"[-0.61627936, -0.7968343, -0.8933156, -1.0048703, -1.0704021, -1.0944197, -1.0772667, -1.0302329, -0.9256769, -0.81782615, -0.72239345, -0.63152754, -0.54433143, -0.4608551, -0.38174835, -0.30778396, -0.23956451, -0.17744692, -0.12156933, -0.07068524, -0.02295605, 0.023694849, 0.055656105, 0.075840175, 0.08837718, 0.098985165, 0.109396756, 0.12054182, 0.13326283, 0.14749412, 0.16300358, 0.17898463, 0.19546121, 0.2127729, 0.23069173, 0.24909827, 0.26798132, 0.287389, 0.30730242, 0.32768193, 0.3482732, 0.36894825]",[3.625662   2.804675   2.7465935  ... 3.1429026  3.1975625  0.73458254]
0.35401,1.2225578878905223,2.926413165136268,1.588523447233725,"[-0.42075947, -0.46736166, -0.46679384, -0.5313006, -0.573469, -0.604585, -0.60907674, -0.59360135, -0.58701855, -0.56169045, -0.54206693, -0.5223615, -0.4963925, -0.46698308, -0.43393767, -0.3981036, -0.35960335, -0.3185209, -0.27484134, -0.22847085, -0.17976975, -0.12885872, -0.07600106, -0.019604582, 0.038918518, 0.09063788, 0.13397095, 0.17141439, 0.20301741, 0.22952852, 0.2517976, 0.27019235, 0.28530633, 0.29841638, 0.30983794, 0.3195619, 0.3277889, 0.33475283, 0.34070528, 0.34582335, 0.35022652, 0.35401362]",[3.3047113 2.7292166 2.5774179 ... 2.8297126 3.002608  0.9150207]
-0.68385,1.1939647074214281,2.8294052643498606,1.5631264598724723,"[-0.6801682, -0.8519081, -0.8977512, -0.9873847, -1.0440005, -1.0700552, -1.057454, -1.02297, -0.9939573, -0.9616088, -0.925402, -0.8891262, -0.854445, -0.8226908, -0.7945439, -0.77017725, -0.74937713, -0.7318542, -0.7174907, -0.7060028, -0.6970234, -0.69019747, -0.68518364, -0.6816626, -0.6793458, -0.67797726, -0.6773323, -0.67721933, -0.6774798, -0.6779856, -0.67863536, -0.67935157, -0.68007773, -0.68077356, -0.68141353, -0.6819819, -0.68247247, -0.68288386, -0.68322027, -0.6834874, -0.6836934, -0.68384635]",[3.549051  2.947627  2.7439613 ... 2.9101431 3.0353973 0.8362904]
0.10572,1.2123577766627924,2.8664233603501645,1.5660235264587208,"[-0.8205918, -0.92791724, -0.9028829, -0.8787848, -0.8239498, -0.77130795, -0.73779047, -0.71302164, -0.66602933, -0.6124485, -0.56617546, -0.5212108, -0.47884673, -0.43873346, -0.4012819, -0.36645383, -0.33380342, -0.30286568, -0.2737574, -0.24654421, -0.22110868, -0.19740468, -0.17536052, -0.15490592, -0.1358819, -0.11794047, -0.10050489, -0.0830403, -0.06481393, -0.04604858, -0.027886331, -0.01027259, 0.0069209747, 0.02369999, 0.03900843, 0.051874585, 0.06254707, 0.072202615, 0.081287146, 0.08986242, 0.0980948, 0.10572068]",[3.333316  2.6848192 2.5443127 ... 2.9473577 3.0461075 0.6978006]
0.51893,1.1937601280542969,2.8064287129368175,1.4567148920746198,"[-0.7481623, -0.789335, -0.7345045, -0.7401998, -0.7527884, -0.76979643, -0.78075534, -0.78726983, -0.75225407, -0.69261503, -0.631444, -0.5718356, -0.5157548, -0.4645726, -0.41788363, -0.37509614, -0.33534932, -0.2978909, -0.26243937, -0.22917199, -0.19847068, -0.17053056, -0.14547168, -0.12327041, -0.10388269, -0.08683079, -0.07146119, -0.057585157, -0.04476358, -0.031067198, -0.01506784, 0.005518319, 0.034300134, 0.07673486, 0.12783685, 0.18265268, 0.2392392, 0.29736465, 0.3557734, 0.41264907, 0.4672327, 0.5189275]",[3.3726063 2.6921453 2.5556355 ... 2.9369595 2.9455795 0.6408824]
-1.54909,1.1766187510054207,2.7896504596838714,1.4597760613799984,"[-1.07145, -1.1723989, -1.170069, -1.1676834, -1.1531734, -1.1476578, -1.1593729, -1.1877131, -1.2138243, -1.2347089, -1.2544062, -1.2730951, -1.2908797, -1.3082671, -1.3252383, -1.3417555, -1.3575883, -1.3725256, -1.386553, -1.3997494, -1.4121569, -1.4238122, -1.4347535, -1.4450134, -1.4546238, -1.4636172, -1.4720275, -1.4798903, -1.487241, -1.4941131, -1.5005385, -1.5065469, -1.5121661, -1.5174233, -1.5223421, -1.5269469, -1.5312588, -1.5352982, -1.5390838, -1.5426327, -1.5459614, -1.5490851]",[3.4618804  2.8834271  2.6984909  ... 3.0174363  3.079824   0.41879082]
0.69717,1.2185871964490635,2.85536906944022,1.6017049046210003,"[-0.73345476, -0.8278095, -0.79338187, -0.7933532, -0.7799035, -0.7654313, -0.75164026, -0.729999, -0.6668037, -0.5924148, -0.51842946, -0.44948775, -0.38158235, -0.3166038, -0.2535541, -0.19263485, -0.13338722, -0.073725104, -0.012242622, 0.055991463, 0.13305597, 0.21082214, 0.2816693, 0.3443104, 0.39884216, 0.44616163, 0.48750463, 0.52354807, 0.55519193, 0.582679, 0.60648257, 0.62668765, 0.6434866, 0.65707755, 0.6678636, 0.6763018, 0.6828207, 0.6877701, 0.6914485, 0.69410574, 0.6959542, 0.69717133]",[3.2763388  2.6830888  2.5140407  ... 2.8379655  2.9273698  0.62399197]
0.76244,1.1826083594660486,2.7867607362329694,1.538612875238587,"[-0.79629093, -0.9347585, -1.017828, -1.1033093, -1.141466, -1.127932, -1.0518693, -0.9286318, -0.7744136, -0.62000865, -0.47772342, -0.34333324, -0.22327009, -0.114642024, -0.014665499, 0.08489607, 0.17422062, 0.26137087, 0.3523068, 0.44233948, 0.5285654, 0.60776436, 0.67736024, 0.7363032, 0.7837719, 0.8199252, 0.84512585, 0.86096704, 0.8690017, 0.87065005, 0.8672464, 0.8600196, 0.85013306, 0.83861053, 0.8263252, 0.813998, 0.802201, 0.7913916, 0.7818765, 0.7738422, 0.7673678, 0.7624438]",[3.6357226 2.9826622 2.8021817 ... 3.219748  3.263925  0.7473564]
-0.67061,1.2209544989788912,2.9145418954227136,1.561203001842646,"[-0.8440695, -0.9221509, -0.92635125, -0.94187593, -0.94095635, -0.9369937, -0.9330292, -0.92337996, -0.9079733, -0.89576364, -0.87975746, -0.86591905, -0.85133904, -0.8373587, -0.82375634, -0.8107818, -0.79847515, -0.7868823, -0.77602315, -0.7659122, -0.75651044, -0.74781656, -0.73978835, -0.73240125, -0.72561765, -0.7194022, -0.7137179, -0.7085282, -0.7037972, -0.6994904, -0.69557464, -0.69201875, -0.6887928, -0.68586934, -0.68322194, -0.6808269, -0.6786614, -0.676705, -0.6749386, -0.6733445, -0.67190695, -0.670611]",[3.7023182 3.0651233 2.8972988 ... 3.0640242 3.210681  0.6574353]
-0.03753,1.2152778834961935,2.9244868377531374,1.557668192951016,"[-0.680801, -0.7312083, -0.6423925, -0.63538265, -0.6072372, -0.5696077, -0.4949704, -0.3981691, -0.3090628, -0.2194308, -0.14405629, -0.07682952, -0.021327045, 0.023034457, 0.05308874, 0.06802332, 0.06830245, 0.06074002, 0.04861884, 0.034150966, 0.01851663, 0.0037132204, -0.008327495, -0.016270839, -0.021871123, -0.025803447, -0.028726272, -0.030931495, -0.032632835, -0.033919625, -0.034853127, -0.035525244, -0.03600048, -0.0363175, -0.03656119, -0.036762767, -0.03693724, -0.03708683, -0.037217103, -0.037331842, -0.037434567, -0.037527774]",[3.4819927 2.8853593 2.6431522 ... 2.881218  3.0402493 0.8897919]
-0.44287,1.1821378295948195,2.765430883542573,1.4960297670914469,"[-0.69765925, -0.65144944, -0.54743505, -0.48452616, -0.429362, -0.40638474, -0.40702072, -0.40441647, -0.38947657, -0.39376333, -0.39732307, -0.4015322, -0.40608382, -0.41025624, -0.4140094, -0.41708323, -0.41977122, -0.4221447, -0.42437446, -0.42634425, -0.42813572, -0.42975432, -0.4312156, -0.43253422, -0.43372315, -0.43479678, -0.43576613, -0.4366422, -0.43743312, -0.43814802, -0.43879408, -0.43937784, -0.43990546, -0.44038254, -0.44081363, -0.44120324, -0.4415557, -0.44187453, -0.44216263, -0.4424229, -0.4426585, -0.44287148]",[3.4485435  2.807493   2.6142452  ... 2.9122953  3.0341725  0.48832768]
-1.0265,1.1891858624034033,2.8319536470951103,1.5529104270454144,"[-0.86133564, -0.8080491, -0.70471054, -0.6157647, -0.53630245, -0.4797933, -0.45288783, -0.446306, -0.47245476, -0.51327646, -0.5525971, -0.5869481, -0.61850035, -0.6473986, -0.67408216, -0.6987712, -0.72177327, -0.743423, -0.7640812, -0.7839899, -0.8031651, -0.82143867, -0.83876014, -0.85511774, -0.8705259, -0.88501334, -0.89861846, -0.9113859, -0.9233641, -0.9346037, -0.9451544, -0.9550617, -0.9643668, -0.97310835, -0.9813213, -0.9890386, -0.99629056, -1.0031059, -1.0095108, -1.0155299, -1.0211871, -1.0265034]",[3.4058926 2.7712152 2.6080873 ... 3.0551312 3.1976652 0.569958 ]
1.1473,1.187259345175773,2.796109195837663,1.5492858267282739,"[-0.5632807, -0.5531564, -0.48388824, -0.50324625, -0.51258, -0.5009261, -0.43594986, -0.32525444, -0.21216059, -0.08428304, 0.040744226, 0.16820297, 0.30713373, 0.4415068, 0.5686771, 0.687109, 0.79487276, 0.8899332, 0.97160405, 1.03884, 1.0909853, 1.1318462, 1.1626182, 1.1847389, 1.1994584, 1.2080866, 1.21183, 1.2118235, 1.2090939, 1.204493, 1.1986991, 1.1922598, 1.185611, 1.1790888, 1.1729373, 1.1673219, 1.1623399, 1.1580362, 1.1544154, 1.151452, 1.1490985, 1.1472954]",[3.4773517 2.7687836 2.641368  ... 2.802167  2.9607975 0.6427555]
-1.58333,1.1891005165104855,2.820358989443829,1.5466926149429532,"[-0.40110195, -0.5127574, -0.5948435, -0.74770033, -0.88541794, -0.985489, -1.0282205, -1.0436655, -1.0534954, -1.0819988, -1.1127491, -1.1398959, -1.1645496, -1.1860745, -1.205437, -1.2236314, -1.2415507, -1.2594062, -1.2770504, -1.2941306, -1.3106642, -1.3267547, -1.3424624, -1.3578393, -1.3729098, -1.3876785, -1.402139, -1.4162877, -1.4301267, -1.4436625, -1.4569004, -1.4698427, -1.4824909, -1.4948469, -1.5069104, -1.5186846, -1.5301685, -1.541366, -1.5522784, -1.5629084, -1.5732582, -1.583329]",[3.5603757 2.8983626 2.7254472 ... 3.036668  3.1004837 0.9809028]
-0.9115,1.183723803513979,2.7757491081093493,1.4127990627080191,"[-1.0311602, -1.149854, -1.2837901, -1.4222767, -1.5295742, -1.6064599, -1.65187, -1.6767902, -1.6913042, -1.6871363, -1.6785665, -1.6632395, -1.6394675, -1.6090144, -1.5738703, -1.5356957, -1.4957545, -1.4547969, -1.4134108, -1.3722734, -1.3317894, -1.292379, -1.2544551, -1.2183192, -1.1841741, -1.1521552, -1.1223466, -1.0947943, -1.069509, -1.0464671, -1.0256188, -1.0068898, -0.9901872, -0.9754033, -0.96242154, -0.9511188, -0.94136864, -0.93304306, -0.9260154, -0.92016137, -0.91536057, -0.91149807]",[3.4403138  2.724867   2.5936227  ... 3.0842328  3.04423    0.25955734]
-0.2256,1.1887793148680887,2.789171479257733,1.5317342203562103,"[-1.1908895, -1.2806963, -1.2111526, -1.105441, -0.9787398, -0.86777854, -0.7896119, -0.73261285, -0.6620186, -0.58854073, -0.5184903, -0.45331353, -0.3953517, -0.34545606, -0.3035163, -0.26864251, -0.23936914, -0.21458851, -0.195861, -0.18388668, -0.17832325, -0.1774192, -0.17975011, -0.18416563, -0.18978798, -0.19598493, -0.20235488, -0.20874807, -0.21472259, -0.21991646, -0.22414209, -0.22731996, -0.22946829, -0.23068012, -0.23110019, -0.23090073, -0.23025917, -0.22935303, -0.22833155, -0.22731407, -0.22638692, -0.2256049]",[3.4379063 2.8337874 2.670352  ... 3.0126    3.1212761 0.3300727]
